{"cameraMode":{"drawMode":0,"name":"Shaded","section":"Shading Mode"},"sceneLighting":false,"audioPlay":false,"sceneViewState":{"showFog":true,"showMaterialUpdate":false,"showSkybox":true,"showFlares":true,"showImageEffects":true,"showParticleSystems":true},"in2DMode":false,"pivot":{"x":0.0,"y":0.29898354411125185,"z":0.00010228157043457031},"rotation":{"x":0.19393910467624665,"y":0.03677288070321083,"z":-0.007275410927832127,"w":0.9802971482276917},"size":3.906740665435791,"orthographic":false}