{"cameraMode":{"drawMode":0,"name":"Shaded","section":"Shading Mode"},"sceneLighting":false,"audioPlay":false,"sceneViewState":{"showFog":true,"showMaterialUpdate":false,"showSkybox":true,"showFlares":true,"showImageEffects":true,"showParticleSystems":true},"in2DMode":false,"pivot":{"x":-2.250422716140747,"y":-5.144397735595703,"z":3.2888426780700685},"rotation":{"x":0.5251572728157044,"y":-1.6201674668536726e-7,"z":7.057404882715446e-9,"w":0.8510051965713501},"size":19.561107635498048,"orthographic":false}