{"cameraMode":{"drawMode":0,"name":"Shaded","section":"Shading Mode"},"sceneLighting":false,"audioPlay":false,"sceneViewState":{"showFog":true,"showMaterialUpdate":false,"showSkybox":true,"showFlares":true,"showImageEffects":true,"showParticleSystems":true},"in2DMode":false,"pivot":{"x":1.2847093343734742,"y":-0.04094396531581879,"z":-4.579740524291992},"rotation":{"x":0.3789031207561493,"y":0.02913849614560604,"z":-0.011937461793422699,"w":0.9249005317687988},"size":3.505068778991699,"orthographic":false}