{"cameraMode":{"drawMode":0,"name":"Shaded","section":"Shading Mode"},"sceneLighting":true,"audioPlay":false,"sceneViewState":{"showFog":true,"showMaterialUpdate":false,"showSkybox":true,"showFlares":true,"showImageEffects":true,"showParticleSystems":true},"in2DMode":false,"pivot":{"x":66.94075775146485,"y":-89.55618286132813,"z":18.590238571166993},"rotation":{"x":0.35441631078720095,"y":0.523695707321167,"z":-0.25355756282806399,"w":0.7320112586021423},"size":133.27456665039063,"orthographic":false}