{"cameraMode":{"drawMode":0,"name":"Shaded","section":"Shading Mode"},"sceneLighting":false,"audioPlay":false,"sceneViewState":{"showFog":true,"showMaterialUpdate":false,"showSkybox":true,"showFlares":true,"showImageEffects":true,"showParticleSystems":true},"in2DMode":false,"pivot":{"x":1.049168348312378,"y":0.38792598247528078,"z":-0.5245219469070435},"rotation":{"x":0.3362448811531067,"y":-0.06632330268621445,"z":0.023746050894260408,"w":0.9391361474990845},"size":2.40674090385437,"orthographic":false}