{"cameraMode":{"drawMode":0,"name":"Shaded","section":"Shading Mode"},"sceneLighting":false,"audioPlay":false,"sceneViewState":{"showFog":true,"showMaterialUpdate":false,"showSkybox":true,"showFlares":true,"showImageEffects":true,"showParticleSystems":true},"in2DMode":false,"pivot":{"x":0.00005728006362915039,"y":0.6964871883392334,"z":0.006447196006774902},"rotation":{"x":0.26703181862831118,"y":0.001439848798327148,"z":-0.00039928811020217836,"w":0.9636865854263306},"size":8.632164001464844,"orthographic":false}