{"cameraMode":{"drawMode":0,"name":"Shaded","section":"Shading Mode"},"sceneLighting":true,"audioPlay":false,"sceneViewState":{"showFog":true,"showMaterialUpdate":false,"showSkybox":true,"showFlares":true,"showImageEffects":true,"showParticleSystems":true},"in2DMode":false,"pivot":{"x":8.080408096313477,"y":-93.55061340332031,"z":71.02735137939453},"rotation":{"x":0.44646063446998598,"y":0.017446480691432954,"z":-0.008707454428076744,"w":0.8945907950401306},"size":138.95274353027345,"orthographic":false}