{"cameraMode":{"drawMode":0,"name":"Shaded","section":"Shading Mode"},"sceneLighting":false,"audioPlay":false,"sceneViewState":{"showFog":true,"showMaterialUpdate":false,"showSkybox":true,"showFlares":true,"showImageEffects":true,"showParticleSystems":true},"in2DMode":false,"pivot":{"x":0.8597441911697388,"y":0.3482431173324585,"z":-3.4816722869873049},"rotation":{"x":0.4844270646572113,"y":-0.017062420025467874,"z":0.009450116194784642,"w":0.8746141791343689},"size":3.505068778991699,"orthographic":false}