{"cameraMode":{"drawMode":0,"name":"Shaded","section":"Shading Mode"},"sceneLighting":false,"audioPlay":false,"sceneViewState":{"showFog":true,"showMaterialUpdate":false,"showSkybox":true,"showFlares":true,"showImageEffects":true,"showParticleSystems":true},"in2DMode":false,"pivot":{"x":1.507275104522705,"y":0.011658787727355957,"z":-4.425993919372559},"rotation":{"x":0.22762304544448853,"y":0.03795928135514259,"z":-0.00888076052069664,"w":0.9729686975479126},"size":3.505068778991699,"orthographic":false}